{
	"_version": "1.1.0",
	"resources": [
		{
			"name": ".Ui5RepositoryBinaryFiles"
		},
		{
			"name": ".Ui5RepositoryIgnore"
		},
		{
			"name": ".Ui5RepositoryTextFiles"
		},
		{
			"name": "Component-dbg.js",
			"module": "publicservices/her/mytimetable/s1/Component.js",
			"isDebug": true,
			"required": [
				"sap/ca/scfld/md/ComponentBase.js"
			]
		},
		{
			"name": "Component-h2-preload-dbg.js",
			"module": "publicservices/her/mytimetable/s1/Component-h2-preload.js",
			"isDebug": true,
			"merged": true,
			"required": [
				"sap/ca/scfld/md/ComponentBase.js",
				"sap/ca/scfld/md/ConfigurationBase.js",
				"sap/ca/scfld/md/app/Application.js",
				"sap/ca/scfld/md/controller/BaseFullscreenController.js",
				"sap/ca/ui/message/message.js",
				"sap/ca/ui/quickoverview/CompanyLaunch.js",
				"sap/ca/ui/quickoverview/EmployeeLaunch.js",
				"sap/m/App.js",
				"sap/m/Bar.js",
				"sap/m/Button.js",
				"sap/m/Column.js",
				"sap/m/ColumnListItem.js",
				"sap/m/Label.js",
				"sap/m/Link.js",
				"sap/m/List.js",
				"sap/m/ObjectAttribute.js",
				"sap/m/ObjectHeader.js",
				"sap/m/ObjectIdentifier.js",
				"sap/m/ObjectStatus.js",
				"sap/m/Page.js",
				"sap/m/ScrollContainer.js",
				"sap/m/SegmentedButton.js",
				"sap/m/StandardListItem.js",
				"sap/m/Table.js",
				"sap/m/Text.js",
				"sap/m/VBox.js",
				"sap/me/Calendar.js",
				"sap/me/CalendarLegend.js",
				"sap/ui/core/ExtensionPoint.js",
				"sap/ui/core/Title.js",
				"sap/ui/core/format/DateFormat.js",
				"sap/ui/core/format/NumberFormat.js",
				"sap/ui/core/mvc/XMLView.js",
				"sap/ui/layout/Grid.js",
				"sap/ui/layout/GridData.js",
				"sap/ui/layout/HorizontalLayout.js",
				"sap/ui/layout/VerticalLayout.js",
				"sap/ui/layout/form/Form.js",
				"sap/ui/layout/form/FormContainer.js",
				"sap/ui/layout/form/FormElement.js",
				"sap/ui/layout/form/ResponsiveGridLayout.js",
				"sap/ui/layout/form/SimpleForm.js"
			],
			"included": [
				"publicservices/her/mytimetable/s1/Component.js",
				"publicservices/her/mytimetable/s1/manifest.json",
				"publicservices/her/mytimetable/s1/Configuration.js",
				"publicservices/her/mytimetable/s1/Main.controller.js",
				"publicservices/her/mytimetable/s1/Main.view.xml",
				"publicservices/her/mytimetable/s1/fragments/Employee.controller.js",
				"publicservices/her/mytimetable/s1/fragments/Employee.view.xml",
				"publicservices/her/mytimetable/s1/i18n/i18n.properties",
				"publicservices/her/mytimetable/s1/i18n/i18n_ar.properties",
				"publicservices/her/mytimetable/s1/i18n/i18n_bg.properties",
				"publicservices/her/mytimetable/s1/i18n/i18n_ca.properties",
				"publicservices/her/mytimetable/s1/i18n/i18n_cs.properties",
				"publicservices/her/mytimetable/s1/i18n/i18n_da.properties",
				"publicservices/her/mytimetable/s1/i18n/i18n_de.properties",
				"publicservices/her/mytimetable/s1/i18n/i18n_el.properties",
				"publicservices/her/mytimetable/s1/i18n/i18n_en.properties",
				"publicservices/her/mytimetable/s1/i18n/i18n_en_US_sappsd.properties",
				"publicservices/her/mytimetable/s1/i18n/i18n_en_US_saptrc.properties",
				"publicservices/her/mytimetable/s1/i18n/i18n_es.properties",
				"publicservices/her/mytimetable/s1/i18n/i18n_et.properties",
				"publicservices/her/mytimetable/s1/i18n/i18n_fi.properties",
				"publicservices/her/mytimetable/s1/i18n/i18n_fr.properties",
				"publicservices/her/mytimetable/s1/i18n/i18n_hi.properties",
				"publicservices/her/mytimetable/s1/i18n/i18n_hr.properties",
				"publicservices/her/mytimetable/s1/i18n/i18n_hu.properties",
				"publicservices/her/mytimetable/s1/i18n/i18n_it.properties",
				"publicservices/her/mytimetable/s1/i18n/i18n_iw.properties",
				"publicservices/her/mytimetable/s1/i18n/i18n_ja.properties",
				"publicservices/her/mytimetable/s1/i18n/i18n_kk.properties",
				"publicservices/her/mytimetable/s1/i18n/i18n_ko.properties",
				"publicservices/her/mytimetable/s1/i18n/i18n_lt.properties",
				"publicservices/her/mytimetable/s1/i18n/i18n_lv.properties",
				"publicservices/her/mytimetable/s1/i18n/i18n_ms.properties",
				"publicservices/her/mytimetable/s1/i18n/i18n_nl.properties",
				"publicservices/her/mytimetable/s1/i18n/i18n_no.properties",
				"publicservices/her/mytimetable/s1/i18n/i18n_pl.properties",
				"publicservices/her/mytimetable/s1/i18n/i18n_pt.properties",
				"publicservices/her/mytimetable/s1/i18n/i18n_ro.properties",
				"publicservices/her/mytimetable/s1/i18n/i18n_ru.properties",
				"publicservices/her/mytimetable/s1/i18n/i18n_sh.properties",
				"publicservices/her/mytimetable/s1/i18n/i18n_sk.properties",
				"publicservices/her/mytimetable/s1/i18n/i18n_sl.properties",
				"publicservices/her/mytimetable/s1/i18n/i18n_sv.properties",
				"publicservices/her/mytimetable/s1/i18n/i18n_th.properties",
				"publicservices/her/mytimetable/s1/i18n/i18n_tr.properties",
				"publicservices/her/mytimetable/s1/i18n/i18n_uk.properties",
				"publicservices/her/mytimetable/s1/i18n/i18n_vi.properties",
				"publicservices/her/mytimetable/s1/i18n/i18n_zh_CN.properties",
				"publicservices/her/mytimetable/s1/i18n/i18n_zh_TW.properties",
				"publicservices/her/mytimetable/s1/util/Conversions.js",
				"publicservices/her/mytimetable/s1/view/AppointmentDetail.controller.js",
				"publicservices/her/mytimetable/s1/view/AppointmentDetail.view.xml",
				"publicservices/her/mytimetable/s1/view/S1.controller.js",
				"publicservices/her/mytimetable/s1/view/S1.view.xml"
			]
		},
		{
			"name": "Component-h2-preload.js",
			"module": "publicservices/her/mytimetable/s1/Component-h2-preload.js",
			"merged": true,
			"required": [
				"sap/ca/scfld/md/ComponentBase.js",
				"sap/ca/scfld/md/ConfigurationBase.js",
				"sap/ca/scfld/md/app/Application.js",
				"sap/ca/scfld/md/controller/BaseFullscreenController.js",
				"sap/ca/ui/message/message.js",
				"sap/ca/ui/quickoverview/CompanyLaunch.js",
				"sap/ca/ui/quickoverview/EmployeeLaunch.js",
				"sap/m/App.js",
				"sap/m/Bar.js",
				"sap/m/Button.js",
				"sap/m/Column.js",
				"sap/m/ColumnListItem.js",
				"sap/m/Label.js",
				"sap/m/Link.js",
				"sap/m/List.js",
				"sap/m/ObjectAttribute.js",
				"sap/m/ObjectHeader.js",
				"sap/m/ObjectIdentifier.js",
				"sap/m/ObjectStatus.js",
				"sap/m/Page.js",
				"sap/m/ScrollContainer.js",
				"sap/m/SegmentedButton.js",
				"sap/m/StandardListItem.js",
				"sap/m/Table.js",
				"sap/m/Text.js",
				"sap/m/VBox.js",
				"sap/me/Calendar.js",
				"sap/me/CalendarLegend.js",
				"sap/ui/core/ExtensionPoint.js",
				"sap/ui/core/Title.js",
				"sap/ui/core/format/DateFormat.js",
				"sap/ui/core/format/NumberFormat.js",
				"sap/ui/core/mvc/XMLView.js",
				"sap/ui/layout/Grid.js",
				"sap/ui/layout/GridData.js",
				"sap/ui/layout/HorizontalLayout.js",
				"sap/ui/layout/VerticalLayout.js",
				"sap/ui/layout/form/Form.js",
				"sap/ui/layout/form/FormContainer.js",
				"sap/ui/layout/form/FormElement.js",
				"sap/ui/layout/form/ResponsiveGridLayout.js",
				"sap/ui/layout/form/SimpleForm.js"
			],
			"included": [
				"publicservices/her/mytimetable/s1/Component.js",
				"publicservices/her/mytimetable/s1/manifest.json",
				"publicservices/her/mytimetable/s1/Configuration.js",
				"publicservices/her/mytimetable/s1/Main.controller.js",
				"publicservices/her/mytimetable/s1/Main.view.xml",
				"publicservices/her/mytimetable/s1/fragments/Employee.controller.js",
				"publicservices/her/mytimetable/s1/fragments/Employee.view.xml",
				"publicservices/her/mytimetable/s1/i18n/i18n.properties",
				"publicservices/her/mytimetable/s1/i18n/i18n_ar.properties",
				"publicservices/her/mytimetable/s1/i18n/i18n_bg.properties",
				"publicservices/her/mytimetable/s1/i18n/i18n_ca.properties",
				"publicservices/her/mytimetable/s1/i18n/i18n_cs.properties",
				"publicservices/her/mytimetable/s1/i18n/i18n_da.properties",
				"publicservices/her/mytimetable/s1/i18n/i18n_de.properties",
				"publicservices/her/mytimetable/s1/i18n/i18n_el.properties",
				"publicservices/her/mytimetable/s1/i18n/i18n_en.properties",
				"publicservices/her/mytimetable/s1/i18n/i18n_en_US_sappsd.properties",
				"publicservices/her/mytimetable/s1/i18n/i18n_en_US_saptrc.properties",
				"publicservices/her/mytimetable/s1/i18n/i18n_es.properties",
				"publicservices/her/mytimetable/s1/i18n/i18n_et.properties",
				"publicservices/her/mytimetable/s1/i18n/i18n_fi.properties",
				"publicservices/her/mytimetable/s1/i18n/i18n_fr.properties",
				"publicservices/her/mytimetable/s1/i18n/i18n_hi.properties",
				"publicservices/her/mytimetable/s1/i18n/i18n_hr.properties",
				"publicservices/her/mytimetable/s1/i18n/i18n_hu.properties",
				"publicservices/her/mytimetable/s1/i18n/i18n_it.properties",
				"publicservices/her/mytimetable/s1/i18n/i18n_iw.properties",
				"publicservices/her/mytimetable/s1/i18n/i18n_ja.properties",
				"publicservices/her/mytimetable/s1/i18n/i18n_kk.properties",
				"publicservices/her/mytimetable/s1/i18n/i18n_ko.properties",
				"publicservices/her/mytimetable/s1/i18n/i18n_lt.properties",
				"publicservices/her/mytimetable/s1/i18n/i18n_lv.properties",
				"publicservices/her/mytimetable/s1/i18n/i18n_ms.properties",
				"publicservices/her/mytimetable/s1/i18n/i18n_nl.properties",
				"publicservices/her/mytimetable/s1/i18n/i18n_no.properties",
				"publicservices/her/mytimetable/s1/i18n/i18n_pl.properties",
				"publicservices/her/mytimetable/s1/i18n/i18n_pt.properties",
				"publicservices/her/mytimetable/s1/i18n/i18n_ro.properties",
				"publicservices/her/mytimetable/s1/i18n/i18n_ru.properties",
				"publicservices/her/mytimetable/s1/i18n/i18n_sh.properties",
				"publicservices/her/mytimetable/s1/i18n/i18n_sk.properties",
				"publicservices/her/mytimetable/s1/i18n/i18n_sl.properties",
				"publicservices/her/mytimetable/s1/i18n/i18n_sv.properties",
				"publicservices/her/mytimetable/s1/i18n/i18n_th.properties",
				"publicservices/her/mytimetable/s1/i18n/i18n_tr.properties",
				"publicservices/her/mytimetable/s1/i18n/i18n_uk.properties",
				"publicservices/her/mytimetable/s1/i18n/i18n_vi.properties",
				"publicservices/her/mytimetable/s1/i18n/i18n_zh_CN.properties",
				"publicservices/her/mytimetable/s1/i18n/i18n_zh_TW.properties",
				"publicservices/her/mytimetable/s1/util/Conversions.js",
				"publicservices/her/mytimetable/s1/view/AppointmentDetail.controller.js",
				"publicservices/her/mytimetable/s1/view/AppointmentDetail.view.xml",
				"publicservices/her/mytimetable/s1/view/S1.controller.js",
				"publicservices/her/mytimetable/s1/view/S1.view.xml"
			]
		},
		{
			"name": "Component-preload.js",
			"module": "publicservices/her/mytimetable/s1/Component-preload.js",
			"merged": true,
			"required": [
				"sap/ca/scfld/md/ComponentBase.js",
				"sap/ca/scfld/md/ConfigurationBase.js",
				"sap/ca/scfld/md/app/Application.js",
				"sap/ca/scfld/md/controller/BaseFullscreenController.js",
				"sap/ca/ui/message/message.js",
				"sap/ca/ui/quickoverview/CompanyLaunch.js",
				"sap/ca/ui/quickoverview/EmployeeLaunch.js",
				"sap/m/App.js",
				"sap/m/Bar.js",
				"sap/m/Button.js",
				"sap/m/Column.js",
				"sap/m/ColumnListItem.js",
				"sap/m/Label.js",
				"sap/m/Link.js",
				"sap/m/List.js",
				"sap/m/ObjectAttribute.js",
				"sap/m/ObjectHeader.js",
				"sap/m/ObjectIdentifier.js",
				"sap/m/ObjectStatus.js",
				"sap/m/Page.js",
				"sap/m/ScrollContainer.js",
				"sap/m/SegmentedButton.js",
				"sap/m/StandardListItem.js",
				"sap/m/Table.js",
				"sap/m/Text.js",
				"sap/m/VBox.js",
				"sap/me/Calendar.js",
				"sap/me/CalendarLegend.js",
				"sap/ui/core/ExtensionPoint.js",
				"sap/ui/core/Title.js",
				"sap/ui/core/format/DateFormat.js",
				"sap/ui/core/format/NumberFormat.js",
				"sap/ui/core/mvc/XMLView.js",
				"sap/ui/layout/Grid.js",
				"sap/ui/layout/GridData.js",
				"sap/ui/layout/HorizontalLayout.js",
				"sap/ui/layout/VerticalLayout.js",
				"sap/ui/layout/form/Form.js",
				"sap/ui/layout/form/FormContainer.js",
				"sap/ui/layout/form/FormElement.js",
				"sap/ui/layout/form/ResponsiveGridLayout.js",
				"sap/ui/layout/form/SimpleForm.js"
			],
			"included": [
				"publicservices/her/mytimetable/s1/Component.js",
				"publicservices/her/mytimetable/s1/Configuration.js",
				"publicservices/her/mytimetable/s1/Main.controller.js",
				"publicservices/her/mytimetable/s1/Main.view.xml",
				"publicservices/her/mytimetable/s1/fragments/Employee.controller.js",
				"publicservices/her/mytimetable/s1/fragments/Employee.view.xml",
				"publicservices/her/mytimetable/s1/i18n/i18n.properties",
				"publicservices/her/mytimetable/s1/i18n/i18n_ar.properties",
				"publicservices/her/mytimetable/s1/i18n/i18n_bg.properties",
				"publicservices/her/mytimetable/s1/i18n/i18n_ca.properties",
				"publicservices/her/mytimetable/s1/i18n/i18n_cs.properties",
				"publicservices/her/mytimetable/s1/i18n/i18n_da.properties",
				"publicservices/her/mytimetable/s1/i18n/i18n_de.properties",
				"publicservices/her/mytimetable/s1/i18n/i18n_el.properties",
				"publicservices/her/mytimetable/s1/i18n/i18n_en.properties",
				"publicservices/her/mytimetable/s1/i18n/i18n_en_US_sappsd.properties",
				"publicservices/her/mytimetable/s1/i18n/i18n_en_US_saptrc.properties",
				"publicservices/her/mytimetable/s1/i18n/i18n_es.properties",
				"publicservices/her/mytimetable/s1/i18n/i18n_et.properties",
				"publicservices/her/mytimetable/s1/i18n/i18n_fi.properties",
				"publicservices/her/mytimetable/s1/i18n/i18n_fr.properties",
				"publicservices/her/mytimetable/s1/i18n/i18n_hi.properties",
				"publicservices/her/mytimetable/s1/i18n/i18n_hr.properties",
				"publicservices/her/mytimetable/s1/i18n/i18n_hu.properties",
				"publicservices/her/mytimetable/s1/i18n/i18n_it.properties",
				"publicservices/her/mytimetable/s1/i18n/i18n_iw.properties",
				"publicservices/her/mytimetable/s1/i18n/i18n_ja.properties",
				"publicservices/her/mytimetable/s1/i18n/i18n_kk.properties",
				"publicservices/her/mytimetable/s1/i18n/i18n_ko.properties",
				"publicservices/her/mytimetable/s1/i18n/i18n_lt.properties",
				"publicservices/her/mytimetable/s1/i18n/i18n_lv.properties",
				"publicservices/her/mytimetable/s1/i18n/i18n_ms.properties",
				"publicservices/her/mytimetable/s1/i18n/i18n_nl.properties",
				"publicservices/her/mytimetable/s1/i18n/i18n_no.properties",
				"publicservices/her/mytimetable/s1/i18n/i18n_pl.properties",
				"publicservices/her/mytimetable/s1/i18n/i18n_pt.properties",
				"publicservices/her/mytimetable/s1/i18n/i18n_ro.properties",
				"publicservices/her/mytimetable/s1/i18n/i18n_ru.properties",
				"publicservices/her/mytimetable/s1/i18n/i18n_sh.properties",
				"publicservices/her/mytimetable/s1/i18n/i18n_sk.properties",
				"publicservices/her/mytimetable/s1/i18n/i18n_sl.properties",
				"publicservices/her/mytimetable/s1/i18n/i18n_sv.properties",
				"publicservices/her/mytimetable/s1/i18n/i18n_th.properties",
				"publicservices/her/mytimetable/s1/i18n/i18n_tr.properties",
				"publicservices/her/mytimetable/s1/i18n/i18n_uk.properties",
				"publicservices/her/mytimetable/s1/i18n/i18n_vi.properties",
				"publicservices/her/mytimetable/s1/i18n/i18n_zh_CN.properties",
				"publicservices/her/mytimetable/s1/i18n/i18n_zh_TW.properties",
				"publicservices/her/mytimetable/s1/manifest.json",
				"publicservices/her/mytimetable/s1/util/Conversions.js",
				"publicservices/her/mytimetable/s1/view/AppointmentDetail.controller.js",
				"publicservices/her/mytimetable/s1/view/AppointmentDetail.view.xml",
				"publicservices/her/mytimetable/s1/view/S1.controller.js",
				"publicservices/her/mytimetable/s1/view/S1.view.xml"
			]
		},
		{
			"name": "Component.js",
			"module": "publicservices/her/mytimetable/s1/Component.js",
			"required": [
				"sap/ca/scfld/md/ComponentBase.js"
			]
		},
		{
			"name": "Configuration-dbg.js",
			"module": "publicservices/her/mytimetable/s1/Configuration.js",
			"isDebug": true,
			"required": [
				"sap/ca/scfld/md/ConfigurationBase.js",
				"sap/ca/scfld/md/app/Application.js"
			]
		},
		{
			"name": "Configuration.js",
			"module": "publicservices/her/mytimetable/s1/Configuration.js",
			"required": [
				"sap/ca/scfld/md/ConfigurationBase.js",
				"sap/ca/scfld/md/app/Application.js"
			]
		},
		{
			"name": "Main-dbg.controller.js",
			"module": "publicservices/her/mytimetable/s1/Main.controller.js",
			"isDebug": true
		},
		{
			"name": "Main.controller.js",
			"module": "publicservices/her/mytimetable/s1/Main.controller.js"
		},
		{
			"name": "Main.view.xml",
			"module": "publicservices/her/mytimetable/s1/Main.view.xml",
			"required": [
				"publicservices/her/mytimetable/s1/Main.controller.js",
				"sap/m/App.js",
				"sap/ui/core/mvc/XMLView.js"
			]
		},
		{
			"name": "fragments/Employee-dbg.controller.js",
			"module": "publicservices/her/mytimetable/s1/fragments/Employee.controller.js",
			"isDebug": true
		},
		{
			"name": "fragments/Employee.controller.js",
			"module": "publicservices/her/mytimetable/s1/fragments/Employee.controller.js"
		},
		{
			"name": "fragments/Employee.view.xml",
			"module": "publicservices/her/mytimetable/s1/fragments/Employee.view.xml",
			"required": [
				"publicservices/her/mytimetable/s1/fragments/Employee.controller.js",
				"sap/m/Label.js",
				"sap/m/Link.js",
				"sap/m/Text.js",
				"sap/ui/core/Title.js",
				"sap/ui/core/mvc/XMLView.js",
				"sap/ui/layout/form/SimpleForm.js"
			]
		},
		{
			"name": "i18n/i18n.properties",
			"module": "publicservices/her/mytimetable/s1/i18n/i18n.properties",
			"locale": "",
			"raw": "i18n/i18n.properties"
		},
		{
			"name": "i18n/i18n_ar.properties",
			"module": "publicservices/her/mytimetable/s1/i18n/i18n_ar.properties",
			"locale": "ar",
			"raw": "i18n/i18n.properties"
		},
		{
			"name": "i18n/i18n_bg.properties",
			"module": "publicservices/her/mytimetable/s1/i18n/i18n_bg.properties",
			"locale": "bg",
			"raw": "i18n/i18n.properties"
		},
		{
			"name": "i18n/i18n_ca.properties",
			"module": "publicservices/her/mytimetable/s1/i18n/i18n_ca.properties",
			"locale": "ca",
			"raw": "i18n/i18n.properties"
		},
		{
			"name": "i18n/i18n_cs.properties",
			"module": "publicservices/her/mytimetable/s1/i18n/i18n_cs.properties",
			"locale": "cs",
			"raw": "i18n/i18n.properties"
		},
		{
			"name": "i18n/i18n_da.properties",
			"module": "publicservices/her/mytimetable/s1/i18n/i18n_da.properties",
			"locale": "da",
			"raw": "i18n/i18n.properties"
		},
		{
			"name": "i18n/i18n_de.properties",
			"module": "publicservices/her/mytimetable/s1/i18n/i18n_de.properties",
			"locale": "de",
			"raw": "i18n/i18n.properties"
		},
		{
			"name": "i18n/i18n_el.properties",
			"module": "publicservices/her/mytimetable/s1/i18n/i18n_el.properties",
			"locale": "el",
			"raw": "i18n/i18n.properties"
		},
		{
			"name": "i18n/i18n_en.properties",
			"module": "publicservices/her/mytimetable/s1/i18n/i18n_en.properties",
			"locale": "en",
			"raw": "i18n/i18n.properties"
		},
		{
			"name": "i18n/i18n_en_US_sappsd.properties",
			"module": "publicservices/her/mytimetable/s1/i18n/i18n_en_US_sappsd.properties",
			"locale": "en_US_sappsd",
			"raw": "i18n/i18n.properties"
		},
		{
			"name": "i18n/i18n_en_US_saptrc.properties",
			"module": "publicservices/her/mytimetable/s1/i18n/i18n_en_US_saptrc.properties",
			"locale": "en_US_saptrc",
			"raw": "i18n/i18n.properties"
		},
		{
			"name": "i18n/i18n_es.properties",
			"module": "publicservices/her/mytimetable/s1/i18n/i18n_es.properties",
			"locale": "es",
			"raw": "i18n/i18n.properties"
		},
		{
			"name": "i18n/i18n_et.properties",
			"module": "publicservices/her/mytimetable/s1/i18n/i18n_et.properties",
			"locale": "et",
			"raw": "i18n/i18n.properties"
		},
		{
			"name": "i18n/i18n_fi.properties",
			"module": "publicservices/her/mytimetable/s1/i18n/i18n_fi.properties",
			"locale": "fi",
			"raw": "i18n/i18n.properties"
		},
		{
			"name": "i18n/i18n_fr.properties",
			"module": "publicservices/her/mytimetable/s1/i18n/i18n_fr.properties",
			"locale": "fr",
			"raw": "i18n/i18n.properties"
		},
		{
			"name": "i18n/i18n_hi.properties",
			"module": "publicservices/her/mytimetable/s1/i18n/i18n_hi.properties",
			"locale": "hi",
			"raw": "i18n/i18n.properties"
		},
		{
			"name": "i18n/i18n_hr.properties",
			"module": "publicservices/her/mytimetable/s1/i18n/i18n_hr.properties",
			"locale": "hr",
			"raw": "i18n/i18n.properties"
		},
		{
			"name": "i18n/i18n_hu.properties",
			"module": "publicservices/her/mytimetable/s1/i18n/i18n_hu.properties",
			"locale": "hu",
			"raw": "i18n/i18n.properties"
		},
		{
			"name": "i18n/i18n_it.properties",
			"module": "publicservices/her/mytimetable/s1/i18n/i18n_it.properties",
			"locale": "it",
			"raw": "i18n/i18n.properties"
		},
		{
			"name": "i18n/i18n_iw.properties",
			"module": "publicservices/her/mytimetable/s1/i18n/i18n_iw.properties",
			"locale": "iw",
			"raw": "i18n/i18n.properties"
		},
		{
			"name": "i18n/i18n_ja.properties",
			"module": "publicservices/her/mytimetable/s1/i18n/i18n_ja.properties",
			"locale": "ja",
			"raw": "i18n/i18n.properties"
		},
		{
			"name": "i18n/i18n_kk.properties",
			"module": "publicservices/her/mytimetable/s1/i18n/i18n_kk.properties",
			"locale": "kk",
			"raw": "i18n/i18n.properties"
		},
		{
			"name": "i18n/i18n_ko.properties",
			"module": "publicservices/her/mytimetable/s1/i18n/i18n_ko.properties",
			"locale": "ko",
			"raw": "i18n/i18n.properties"
		},
		{
			"name": "i18n/i18n_lt.properties",
			"module": "publicservices/her/mytimetable/s1/i18n/i18n_lt.properties",
			"locale": "lt",
			"raw": "i18n/i18n.properties"
		},
		{
			"name": "i18n/i18n_lv.properties",
			"module": "publicservices/her/mytimetable/s1/i18n/i18n_lv.properties",
			"locale": "lv",
			"raw": "i18n/i18n.properties"
		},
		{
			"name": "i18n/i18n_ms.properties",
			"module": "publicservices/her/mytimetable/s1/i18n/i18n_ms.properties",
			"locale": "ms",
			"raw": "i18n/i18n.properties"
		},
		{
			"name": "i18n/i18n_nl.properties",
			"module": "publicservices/her/mytimetable/s1/i18n/i18n_nl.properties",
			"locale": "nl",
			"raw": "i18n/i18n.properties"
		},
		{
			"name": "i18n/i18n_no.properties",
			"module": "publicservices/her/mytimetable/s1/i18n/i18n_no.properties",
			"locale": "no",
			"raw": "i18n/i18n.properties"
		},
		{
			"name": "i18n/i18n_pl.properties",
			"module": "publicservices/her/mytimetable/s1/i18n/i18n_pl.properties",
			"locale": "pl",
			"raw": "i18n/i18n.properties"
		},
		{
			"name": "i18n/i18n_pt.properties",
			"module": "publicservices/her/mytimetable/s1/i18n/i18n_pt.properties",
			"locale": "pt",
			"raw": "i18n/i18n.properties"
		},
		{
			"name": "i18n/i18n_ro.properties",
			"module": "publicservices/her/mytimetable/s1/i18n/i18n_ro.properties",
			"locale": "ro",
			"raw": "i18n/i18n.properties"
		},
		{
			"name": "i18n/i18n_ru.properties",
			"module": "publicservices/her/mytimetable/s1/i18n/i18n_ru.properties",
			"locale": "ru",
			"raw": "i18n/i18n.properties"
		},
		{
			"name": "i18n/i18n_sh.properties",
			"module": "publicservices/her/mytimetable/s1/i18n/i18n_sh.properties",
			"locale": "sh",
			"raw": "i18n/i18n.properties"
		},
		{
			"name": "i18n/i18n_sk.properties",
			"module": "publicservices/her/mytimetable/s1/i18n/i18n_sk.properties",
			"locale": "sk",
			"raw": "i18n/i18n.properties"
		},
		{
			"name": "i18n/i18n_sl.properties",
			"module": "publicservices/her/mytimetable/s1/i18n/i18n_sl.properties",
			"locale": "sl",
			"raw": "i18n/i18n.properties"
		},
		{
			"name": "i18n/i18n_sv.properties",
			"module": "publicservices/her/mytimetable/s1/i18n/i18n_sv.properties",
			"locale": "sv",
			"raw": "i18n/i18n.properties"
		},
		{
			"name": "i18n/i18n_th.properties",
			"module": "publicservices/her/mytimetable/s1/i18n/i18n_th.properties",
			"locale": "th",
			"raw": "i18n/i18n.properties"
		},
		{
			"name": "i18n/i18n_tr.properties",
			"module": "publicservices/her/mytimetable/s1/i18n/i18n_tr.properties",
			"locale": "tr",
			"raw": "i18n/i18n.properties"
		},
		{
			"name": "i18n/i18n_uk.properties",
			"module": "publicservices/her/mytimetable/s1/i18n/i18n_uk.properties",
			"locale": "uk",
			"raw": "i18n/i18n.properties"
		},
		{
			"name": "i18n/i18n_vi.properties",
			"module": "publicservices/her/mytimetable/s1/i18n/i18n_vi.properties",
			"locale": "vi",
			"raw": "i18n/i18n.properties"
		},
		{
			"name": "i18n/i18n_zh_CN.properties",
			"module": "publicservices/her/mytimetable/s1/i18n/i18n_zh_CN.properties",
			"locale": "zh_CN",
			"raw": "i18n/i18n.properties"
		},
		{
			"name": "i18n/i18n_zh_TW.properties",
			"module": "publicservices/her/mytimetable/s1/i18n/i18n_zh_TW.properties",
			"locale": "zh_TW",
			"raw": "i18n/i18n.properties"
		},
		{
			"name": "img/home/114_iPhone_Retina_Web_Clip.png"
		},
		{
			"name": "img/home/144_iPad_Retina_Web_Clip.png"
		},
		{
			"name": "img/home/57_iPhone_Desktop_Launch.png"
		},
		{
			"name": "img/home/72_iPad_Desktop_Launch.png"
		},
		{
			"name": "img/home/favicon.ico"
		},
		{
			"name": "manifest.json",
			"module": "publicservices/her/mytimetable/s1/manifest.json"
		},
		{
			"name": "model/Product.json"
		},
		{
			"name": "model/PurchaseOrder.json"
		},
		{
			"name": "model/PurchaseOrderItem.json"
		},
		{
			"name": "model/Supplier.json"
		},
		{
			"name": "model/metadata.xml"
		},
		{
			"name": "resources.json"
		},
		{
			"name": "util/Conversions-dbg.js",
			"module": "publicservices/her/mytimetable/s1/util/Conversions.js",
			"isDebug": true,
			"required": [
				"sap/ui/core/format/DateFormat.js",
				"sap/ui/core/format/NumberFormat.js"
			]
		},
		{
			"name": "util/Conversions.js",
			"module": "publicservices/her/mytimetable/s1/util/Conversions.js",
			"required": [
				"sap/ui/core/format/DateFormat.js",
				"sap/ui/core/format/NumberFormat.js"
			]
		},
		{
			"name": "version.json"
		},
		{
			"name": "view/AppointmentDetail-dbg.controller.js",
			"module": "publicservices/her/mytimetable/s1/view/AppointmentDetail.controller.js",
			"isDebug": true,
			"required": [
				"publicservices/her/mytimetable/s1/util/Conversions.js",
				"sap/ca/scfld/md/controller/BaseFullscreenController.js",
				"sap/ca/ui/message/message.js",
				"sap/ca/ui/quickoverview/CompanyLaunch.js",
				"sap/ca/ui/quickoverview/EmployeeLaunch.js"
			]
		},
		{
			"name": "view/AppointmentDetail.controller.js",
			"module": "publicservices/her/mytimetable/s1/view/AppointmentDetail.controller.js",
			"required": [
				"publicservices/her/mytimetable/s1/util/Conversions.js",
				"sap/ca/scfld/md/controller/BaseFullscreenController.js",
				"sap/ca/ui/message/message.js",
				"sap/ca/ui/quickoverview/CompanyLaunch.js",
				"sap/ca/ui/quickoverview/EmployeeLaunch.js"
			]
		},
		{
			"name": "view/AppointmentDetail.view.xml",
			"module": "publicservices/her/mytimetable/s1/view/AppointmentDetail.view.xml",
			"required": [
				"publicservices/her/mytimetable/s1/view/AppointmentDetail.controller.js",
				"sap/m/Bar.js",
				"sap/m/Button.js",
				"sap/m/List.js",
				"sap/m/ObjectAttribute.js",
				"sap/m/ObjectHeader.js",
				"sap/m/ObjectStatus.js",
				"sap/m/Page.js",
				"sap/m/StandardListItem.js",
				"sap/m/Text.js",
				"sap/ui/core/ExtensionPoint.js",
				"sap/ui/core/mvc/XMLView.js",
				"sap/ui/layout/Grid.js",
				"sap/ui/layout/GridData.js",
				"sap/ui/layout/VerticalLayout.js",
				"sap/ui/layout/form/Form.js",
				"sap/ui/layout/form/FormContainer.js",
				"sap/ui/layout/form/FormElement.js",
				"sap/ui/layout/form/ResponsiveGridLayout.js",
				"sap/ui/layout/form/SimpleForm.js"
			]
		},
		{
			"name": "view/S1-dbg.controller.js",
			"module": "publicservices/her/mytimetable/s1/view/S1.controller.js",
			"isDebug": true,
			"required": [
				"publicservices/her/mytimetable/s1/util/Conversions.js",
				"sap/ca/scfld/md/controller/BaseFullscreenController.js"
			]
		},
		{
			"name": "view/S1.controller.js",
			"module": "publicservices/her/mytimetable/s1/view/S1.controller.js",
			"required": [
				"publicservices/her/mytimetable/s1/util/Conversions.js",
				"sap/ca/scfld/md/controller/BaseFullscreenController.js"
			]
		},
		{
			"name": "view/S1.view.xml",
			"module": "publicservices/her/mytimetable/s1/view/S1.view.xml",
			"required": [
				"publicservices/her/mytimetable/s1/view/S1.controller.js",
				"sap/m/Bar.js",
				"sap/m/Button.js",
				"sap/m/Column.js",
				"sap/m/ColumnListItem.js",
				"sap/m/Label.js",
				"sap/m/ObjectIdentifier.js",
				"sap/m/ObjectStatus.js",
				"sap/m/Page.js",
				"sap/m/ScrollContainer.js",
				"sap/m/SegmentedButton.js",
				"sap/m/Table.js",
				"sap/m/VBox.js",
				"sap/me/Calendar.js",
				"sap/me/CalendarLegend.js",
				"sap/ui/core/ExtensionPoint.js",
				"sap/ui/core/mvc/XMLView.js",
				"sap/ui/layout/HorizontalLayout.js",
				"sap/ui/layout/VerticalLayout.js"
			]
		}
	]
}